word,clip_id,source,organisation,signer_id,source_url,video_file,resolution,duration_s,fps,download_date,notes
hello,hello_signbsl_001,signbsl,signstation,,https://media.signbsl.com/videos/bsl/signstation/HI.mp4,data/raw_videos/hello/hello_signbsl_001.mp4,320x240,1.44,25.0,2026-07-09,
hello,hello_signbsl_002,signbsl,signstation,,https://media.signbsl.com/videos/bsl/signstation/hello.mp4,data/raw_videos/hello/hello_signbsl_002.mp4,320x240,1.8,25.0,2026-07-09,
hello,hello_signbsl_003,signbsl,signstation,,https://media.signbsl.com/videos/bsl/signstation/hello-2.mp4,data/raw_videos/hello/hello_signbsl_003.mp4,320x240,2.0,25.0,2026-07-09,
hello,hello_signbsl_004,signbsl,deafway,,https://media.signbsl.com/videos/bsl/deafway/mp4/Hello.mp4,data/raw_videos/hello/hello_signbsl_004.mp4,640x360,2.04,25.0,2026-07-09,
hello,hello_signbsl_005,signbsl,youtube,,https://media.signbsl.com/videos/bsl/youtube/mp4/gWIrN56a55I.mp4,data/raw_videos/hello/hello_signbsl_005.mp4,640x360,2.74,29.97,2026-07-09,
hello,hello_signbsl_006,signbsl,signmonkey,,https://media.signbsl.com/videos/bsl/signmonkey/mp4/hello.mp4,data/raw_videos/hello/hello_signbsl_006.mp4,640x480,2.16,28.25,2026-07-09,
goodbye,goodbye_signbsl_001,signbsl,signstation,,https://media.signbsl.com/videos/bsl/signstation/goodbye.mp4,data/raw_videos/goodbye/goodbye_signbsl_001.mp4,320x240,1.8,25.0,2026-07-09,
goodbye,goodbye_signbsl_002,signbsl,signstation,,https://media.signbsl.com/videos/bsl/signstation/bye.mp4,data/raw_videos/goodbye/goodbye_signbsl_002.mp4,320x240,1.72,25.0,2026-07-09,
goodbye,goodbye_signbsl_003,signbsl,deafway,,https://media.signbsl.com/videos/bsl/deafway/mp4/Bye.mp4,data/raw_videos/goodbye/goodbye_signbsl_003.mp4,640x360,2.28,25.0,2026-07-09,
goodbye,goodbye_signbsl_004,signbsl,youtube,,https://media.signbsl.com/videos/bsl/youtube/mp4/eiO-WrZ_h9g.mp4,data/raw_videos/goodbye/goodbye_signbsl_004.mp4,640x360,3.24,29.97,2026-07-09,
goodbye,goodbye_signbsl_005,signbsl,youtube,,https://media.signbsl.com/videos/bsl/youtube/mp4/UaF2_Q2uy-8.mp4,data/raw_videos/goodbye/goodbye_signbsl_005.mp4,480x320,3.04,25.0,2026-07-09,
goodbye,goodbye_signbsl_006,signbsl,signmonkey,,https://media.signbsl.com/videos/bsl/signmonkey/mp4/goodbye.mp4,data/raw_videos/goodbye/goodbye_signbsl_006.mp4,640x480,2.3,28.25,2026-07-09,
please,please_signbsl_001,signbsl,signstation,,https://media.signbsl.com/videos/bsl/signstation/please.mp4,data/raw_videos/please/please_signbsl_001.mp4,320x240,1.4,25.0,2026-07-09,
please,please_signbsl_002,signbsl,signstation,,https://media.signbsl.com/videos/bsl/signstation/please-2.mp4,data/raw_videos/please/please_signbsl_002.mp4,320x240,1.32,25.0,2026-07-09,
please,please_signbsl_003,signbsl,deafway,,https://media.signbsl.com/videos/bsl/deafway/mp4/Please.mp4,data/raw_videos/please/please_signbsl_003.mp4,640x360,2.0,25.0,2026-07-09,
please,please_signbsl_004,signbsl,youtube,,https://media.signbsl.com/videos/bsl/youtube/mp4/DOf3X-87PaQ.mp4,data/raw_videos/please/please_signbsl_004.mp4,640x360,3.2,29.97,2026-07-09,
please,please_signbsl_005,signbsl,youtube,,https://media.signbsl.com/videos/bsl/youtube/mp4/auPMG2cE5dg.mp4,data/raw_videos/please/please_signbsl_005.mp4,480x320,3.28,25.0,2026-07-09,
please,please_signbsl_006,signbsl,signmonkey,,https://media.signbsl.com/videos/bsl/signmonkey/mp4/please.mp4,data/raw_videos/please/please_signbsl_006.mp4,640x480,2.16,28.25,2026-07-09,
thank-you,thank-you_signbsl_001,signbsl,signstation,,https://media.signbsl.com/videos/bsl/signstation/thank%20you.mp4,data/raw_videos/thank-you/thank-you_signbsl_001.mp4,320x240,1.32,25.0,2026-07-09,
thank-you,thank-you_signbsl_002,signbsl,signstation,,https://media.signbsl.com/videos/bsl/signstation/thank-you.mp4,data/raw_videos/thank-you/thank-you_signbsl_002.mp4,320x240,1.24,25.0,2026-07-09,
thank-you,thank-you_signbsl_003,signbsl,deafway,,https://media.signbsl.com/videos/bsl/deafway/mp4/Thank%20you.mp4,data/raw_videos/thank-you/thank-you_signbsl_003.mp4,640x360,1.72,25.0,2026-07-09,
thank-you,thank-you_signbsl_004,signbsl,youtube,,https://media.signbsl.com/videos/bsl/youtube/mp4/jLqplcvPnG0.mp4,data/raw_videos/thank-you/thank-you_signbsl_004.mp4,640x360,2.97,29.97,2026-07-09,
thank-you,thank-you_signbsl_005,signbsl,signmonkey,,https://media.signbsl.com/videos/bsl/signmonkey/mp4/thank%20you.mp4,data/raw_videos/thank-you/thank-you_signbsl_005.mp4,640x480,2.02,28.25,2026-07-09,
thank-you,thank-you_signbsl_006,signbsl,youtube,,https://media.signbsl.com/videos/bsl/youtube/mp4/__lLQ3mhCvM.mp4,data/raw_videos/thank-you/thank-you_signbsl_006.mp4,640x360,2.88,25.0,2026-07-09,
sorry,sorry_signbsl_001,signbsl,signstation,,https://media.signbsl.com/videos/bsl/signstation/sorry.mp4,data/raw_videos/sorry/sorry_signbsl_001.mp4,320x240,2.32,25.0,2026-07-09,
sorry,sorry_signbsl_002,signbsl,deafway,,https://media.signbsl.com/videos/bsl/deafway/mp4/sorry.mp4,data/raw_videos/sorry/sorry_signbsl_002.mp4,480x270,1.39,15.11,2026-07-09,
sorry,sorry_signbsl_003,signbsl,youtube,,https://media.signbsl.com/videos/bsl/youtube/mp4/SlQCAOfKvds.mp4,data/raw_videos/sorry/sorry_signbsl_003.mp4,480x320,3.84,25.0,2026-07-09,
sorry,sorry_signbsl_004,signbsl,signmonkey,,https://media.signbsl.com/videos/bsl/signmonkey/mp4/sorry.mp4,data/raw_videos/sorry/sorry_signbsl_004.mp4,640x480,3.41,28.42,2026-07-09,
sorry,sorry_signbsl_005,signbsl,exeterdeafacademyvoiceoff,,https://media.signbsl.com/videos/bsl/ExeterDeafAcademyVoiceOff/mp4/-K0oRSWTfgU.mp4,data/raw_videos/sorry/sorry_signbsl_005.mp4,640x360,6.68,25.0,2026-07-09,
sorry,sorry_signbsl_006,signbsl,youtube,,https://media.signbsl.com/videos/bsl/youtube/mp4/ry2V-o1jINY.mp4,data/raw_videos/sorry/sorry_signbsl_006.mp4,640x360,2.14,29.97,2026-07-09,
yes,yes_signbsl_001,signbsl,signstation,,https://media.signbsl.com/videos/bsl/signstation/yes.mp4,data/raw_videos/yes/yes_signbsl_001.mp4,320x240,2.32,25.0,2026-07-09,
yes,yes_signbsl_002,signbsl,gpnhs,,https://media.signbsl.com/videos/bsl/gpnhs/mp4/yes.mp4,data/raw_videos/yes/yes_signbsl_002.mp4,480x360,2.7,29.97,2026-07-09,
yes,yes_signbsl_003,signbsl,nf,,https://media.signbsl.com/videos/bsl/nf/mp4/Yes.mp4,data/raw_videos/yes/yes_signbsl_003.mp4,384x216,2.9,29.97,2026-07-09,
yes,yes_signbsl_004,signbsl,exeterdeafacademyvoiceoff,,https://media.signbsl.com/videos/bsl/ExeterDeafAcademyVoiceOff/mp4/LeUaOIYdeus.mp4,data/raw_videos/yes/yes_signbsl_004.mp4,640x360,5.64,25.0,2026-07-09,
yes,yes_signbsl_005,signbsl,youtube,,https://media.signbsl.com/videos/bsl/youtube/mp4/3hYWm_LaPGE.mp4,data/raw_videos/yes/yes_signbsl_005.mp4,640x360,2.57,30.0,2026-07-09,
no,no_signbsl_001,signbsl,signstation,,https://media.signbsl.com/videos/bsl/signstation/no.mp4,data/raw_videos/no/no_signbsl_001.mp4,320x240,1.52,25.0,2026-07-09,
no,no_signbsl_002,signbsl,corpusngt,,https://media.signbsl.com/videos/bsl/corpusngt/mp4/vlc-record-2015-04-16-16h33m22s-BSL_CN_lex_b.mpg-.mp4,data/raw_videos/no/no_signbsl_002.mp4,352x288,3.28,25.0,2026-07-09,
no,no_signbsl_003,signbsl,gpnhs,,https://media.signbsl.com/videos/bsl/gpnhs/mp4/no.mp4,data/raw_videos/no/no_signbsl_003.mp4,480x360,2.84,29.97,2026-07-09,
no,no_signbsl_004,signbsl,nf,,https://media.signbsl.com/videos/bsl/nf/mp4/No.mp4,data/raw_videos/no/no_signbsl_004.mp4,384x216,2.57,30.0,2026-07-09,
no,no_signbsl_005,signbsl,exeterdeafacademyvoiceoff,,https://media.signbsl.com/videos/bsl/ExeterDeafAcademyVoiceOff/mp4/ZzmnEdReynM.mp4,data/raw_videos/no/no_signbsl_005.mp4,640x360,6.84,25.0,2026-07-09,
no,no_signbsl_006,signbsl,youtube,,https://media.signbsl.com/videos/bsl/youtube/mp4/WfxoyzZbdUE.mp4,data/raw_videos/no/no_signbsl_006.mp4,640x360,3.63,30.0,2026-07-09,
good,good_signbsl_001,signbsl,signstation,,https://media.signbsl.com/videos/bsl/signstation/good.mp4,data/raw_videos/good/good_signbsl_001.mp4,320x240,1.48,25.0,2026-07-09,
good,good_signbsl_002,signbsl,signstation,,https://media.signbsl.com/videos/bsl/signstation/good-2.mp4,data/raw_videos/good/good_signbsl_002.mp4,320x240,1.76,25.0,2026-07-09,
good,good_signbsl_003,signbsl,youtube,,https://media.signbsl.com/videos/bsl/youtube/mp4/PefUtWuFhzw.mp4,data/raw_videos/good/good_signbsl_003.mp4,640x360,3.17,29.97,2026-07-09,
good,good_signbsl_004,signbsl,signmonkey,,https://media.signbsl.com/videos/bsl/signmonkey/mp4/good.mp4,data/raw_videos/good/good_signbsl_004.mp4,640x480,2.29,42.33,2026-07-09,
good,good_signbsl_005,signbsl,corpusngt,,https://media.signbsl.com/videos/bsl/corpusngt/mp4/vlc-record-2015-04-08-15h09m41s-BSL_CN_lex_b.mpg-.mp4,data/raw_videos/good/good_signbsl_005.mp4,352x288,3.88,25.0,2026-07-09,
good,good_signbsl_006,signbsl,nf,,https://media.signbsl.com/videos/bsl/nf/mp4/Good.mp4,data/raw_videos/good/good_signbsl_006.mp4,384x216,1.9,30.0,2026-07-09,
mother,mother_signbsl_001,signbsl,signstation,,https://media.signbsl.com/videos/bsl/signstation/mother.mp4,data/raw_videos/mother/mother_signbsl_001.mp4,320x240,1.64,25.0,2026-07-09,
mother,mother_signbsl_002,signbsl,deafway,,https://media.signbsl.com/videos/bsl/deafway/mp4/Mother%20or%20Mum.mp4,data/raw_videos/mother/mother_signbsl_002.mp4,640x360,4.2,25.0,2026-07-09,
mother,mother_signbsl_003,signbsl,signmonkey,,https://media.signbsl.com/videos/bsl/signmonkey/mp4/mother.mp4,data/raw_videos/mother/mother_signbsl_003.mp4,640x480,2.53,30.0,2026-07-09,
mother,mother_signbsl_004,signbsl,corpusngt,,https://media.signbsl.com/videos/bsl/corpusngt/mp4/vlc-record-2015-04-16-16h28m21s-BSL_CN_lex_b.mpg-.mp4,data/raw_videos/mother/mother_signbsl_004.mp4,352x288,2.8,25.0,2026-07-09,
mother,mother_signbsl_005,signbsl,gpnhs,,https://media.signbsl.com/videos/bsl/gpnhs/mp4/mother.mp4,data/raw_videos/mother/mother_signbsl_005.mp4,480x360,3.17,29.97,2026-07-09,
mother,mother_signbsl_006,signbsl,nf,,https://media.signbsl.com/videos/bsl/nf/mp4/Mother%20(in%20BSL)-HD.mp4,data/raw_videos/mother/mother_signbsl_006.mp4,640x360,1.76,25.0,2026-07-09,
father,father_signbsl_001,signbsl,signstation,,https://media.signbsl.com/videos/bsl/signstation/father.mp4,data/raw_videos/father/father_signbsl_001.mp4,320x240,1.8,25.0,2026-07-09,
father,father_signbsl_002,signbsl,deafway,,https://media.signbsl.com/videos/bsl/deafway/mp4/Father%20or%20Dad.mp4,data/raw_videos/father/father_signbsl_002.mp4,640x360,3.8,25.0,2026-07-09,
father,father_signbsl_003,signbsl,signmonkey,,https://media.signbsl.com/videos/bsl/signmonkey/mp4/father.mp4,data/raw_videos/father/father_signbsl_003.mp4,640x480,2.5,30.0,2026-07-09,
father,father_signbsl_004,signbsl,corpusngt,,https://media.signbsl.com/videos/bsl/corpusngt/mp4/vlc-record-2015-04-08-14h58m20s-BSL_CN_lex_b.mpg-.mp4,data/raw_videos/father/father_signbsl_004.mp4,352x288,3.4,25.0,2026-07-09,
father,father_signbsl_005,signbsl,gpnhs,,https://media.signbsl.com/videos/bsl/gpnhs/mp4/father.mp4,data/raw_videos/father/father_signbsl_005.mp4,480x360,2.37,29.97,2026-07-09,
father,father_signbsl_006,signbsl,nf,,https://media.signbsl.com/videos/bsl/nf/mp4/Father%20(in%20BSL)-HD.mp4,data/raw_videos/father/father_signbsl_006.mp4,640x360,1.8,25.0,2026-07-09,
sister,sister_signbsl_001,signbsl,signstation,,https://media.signbsl.com/videos/bsl/signstation/sister.mp4,data/raw_videos/sister/sister_signbsl_001.mp4,320x240,1.52,25.0,2026-07-09,
sister,sister_signbsl_002,signbsl,signstation,,https://media.signbsl.com/videos/bsl/signstation/101-06-148.mp4,data/raw_videos/sister/sister_signbsl_002.mp4,512x374,2.6,25.0,2026-07-09,
sister,sister_signbsl_003,signbsl,deafway,,https://media.signbsl.com/videos/bsl/deafway/mp4/Sister.mp4,data/raw_videos/sister/sister_signbsl_003.mp4,640x360,2.56,25.0,2026-07-09,
sister,sister_signbsl_004,signbsl,signmonkey,,https://media.signbsl.com/videos/bsl/signmonkey/mp4/sister.mp4,data/raw_videos/sister/sister_signbsl_004.mp4,640x480,2.87,30.0,2026-07-09,
sister,sister_signbsl_005,signbsl,corpusngt,,https://media.signbsl.com/videos/bsl/corpusngt/mp4/vlc-record-2015-04-21-18h00m36s-BSL_CN_lex_b.mpg-.mp4,data/raw_videos/sister/sister_signbsl_005.mp4,352x288,3.04,25.0,2026-07-09,
sister,sister_signbsl_006,signbsl,gpnhs,,https://media.signbsl.com/videos/bsl/gpnhs/mp4/sister.mp4,data/raw_videos/sister/sister_signbsl_006.mp4,480x360,2.67,29.97,2026-07-09,
brother,brother_signbsl_001,signbsl,signstation,,https://media.signbsl.com/videos/bsl/signstation/brother.mp4,data/raw_videos/brother/brother_signbsl_001.mp4,320x240,1.64,25.0,2026-07-09,
brother,brother_signbsl_002,signbsl,signstation,,https://media.signbsl.com/videos/bsl/signstation/101-06-17.mp4,data/raw_videos/brother/brother_signbsl_002.mp4,512x374,2.4,25.0,2026-07-09,
brother,brother_signbsl_003,signbsl,deafway,,https://media.signbsl.com/videos/bsl/deafway/mp4/Brother.mp4,data/raw_videos/brother/brother_signbsl_003.mp4,640x360,3.0,25.0,2026-07-09,
brother,brother_signbsl_004,signbsl,signmonkey,,https://media.signbsl.com/videos/bsl/signmonkey/mp4/brother.mp4,data/raw_videos/brother/brother_signbsl_004.mp4,640x480,2.83,30.0,2026-07-09,
brother,brother_signbsl_005,signbsl,corpusngt,,https://media.signbsl.com/videos/bsl/corpusngt/mp4/vlc-record-2015-04-08-14h33m59s-BSL_CN_lex_b.mpg-.mp4,data/raw_videos/brother/brother_signbsl_005.mp4,352x288,3.76,25.0,2026-07-09,
brother,brother_signbsl_006,signbsl,gpnhs,,https://media.signbsl.com/videos/bsl/gpnhs/mp4/brother.mp4,data/raw_videos/brother/brother_signbsl_006.mp4,480x360,2.87,29.97,2026-07-09,
family,family_signbsl_001,signbsl,signstation,,https://media.signbsl.com/videos/bsl/signstation/family.mp4,data/raw_videos/family/family_signbsl_001.mp4,320x240,2.36,25.0,2026-07-09,
family,family_signbsl_002,signbsl,deafway,,https://media.signbsl.com/videos/bsl/deafway/mp4/Family.mp4,data/raw_videos/family/family_signbsl_002.mp4,640x360,3.08,25.0,2026-07-09,
family,family_signbsl_003,signbsl,signmonkey,,https://media.signbsl.com/videos/bsl/signmonkey/mp4/family.mp4,data/raw_videos/family/family_signbsl_003.mp4,640x426,2.88,25.0,2026-07-09,
family,family_signbsl_004,signbsl,signmonkey,,https://media.signbsl.com/videos/bsl/signmonkey/mp4/family2.mp4,data/raw_videos/family/family_signbsl_004.mp4,640x480,2.87,30.0,2026-07-09,
family,family_signbsl_005,signbsl,corpusngt,,https://media.signbsl.com/videos/bsl/corpusngt/mp4/vlc-record-2015-04-08-14h57m42s-BSL_CN_lex_b.mpg-.mp4,data/raw_videos/family/family_signbsl_005.mp4,352x288,4.12,25.0,2026-07-09,
family,family_signbsl_006,signbsl,gpnhs,,https://media.signbsl.com/videos/bsl/gpnhs/mp4/family.mp4,data/raw_videos/family/family_signbsl_006.mp4,480x360,3.5,29.97,2026-07-09,
baby,baby_signbsl_001,signbsl,signstation,,https://media.signbsl.com/videos/bsl/signstation/baby.mp4,data/raw_videos/baby/baby_signbsl_001.mp4,320x240,2.08,25.0,2026-07-09,
baby,baby_signbsl_002,signbsl,signstation,,https://media.signbsl.com/videos/bsl/signstation/101-06-12.mp4,data/raw_videos/baby/baby_signbsl_002.mp4,512x374,2.8,25.0,2026-07-09,
baby,baby_signbsl_003,signbsl,youtube,,https://media.signbsl.com/videos/bsl/youtube/mp4/22XGK9eWaow.mp4,data/raw_videos/baby/baby_signbsl_003.mp4,640x360,6.01,23.98,2026-07-09,
baby,baby_signbsl_004,signbsl,signmonkey,,https://media.signbsl.com/videos/bsl/signmonkey/mp4/baby.mp4,data/raw_videos/baby/baby_signbsl_004.mp4,640x480,3.2,30.0,2026-07-09,
baby,baby_signbsl_005,signbsl,signon,,https://media.signbsl.com/videos/bsl/signon/mp4/trw61.mp4,data/raw_videos/baby/baby_signbsl_005.mp4,320x240,2.48,25.0,2026-07-09,
baby,baby_signbsl_006,signbsl,gpnhs,,https://media.signbsl.com/videos/bsl/gpnhs/mp4/baby.mp4,data/raw_videos/baby/baby_signbsl_006.mp4,480x360,2.7,29.97,2026-07-09,
friend,friend_signbsl_001,signbsl,signstation,,https://media.signbsl.com/videos/bsl/signstation/friend.mp4,data/raw_videos/friend/friend_signbsl_001.mp4,320x240,1.72,25.0,2026-07-09,
friend,friend_signbsl_002,signbsl,signmonkey,,https://media.signbsl.com/videos/bsl/signmonkey/mp4/friend.mp4,data/raw_videos/friend/friend_signbsl_002.mp4,640x426,2.68,25.0,2026-07-09,
friend,friend_signbsl_003,signbsl,signmonkey,,https://media.signbsl.com/videos/bsl/signmonkey/mp4/friend2.mp4,data/raw_videos/friend/friend_signbsl_003.mp4,640x480,3.63,30.0,2026-07-09,
friend,friend_signbsl_004,signbsl,gpnhs,,https://media.signbsl.com/videos/bsl/gpnhs/mp4/friend.mp4,data/raw_videos/friend/friend_signbsl_004.mp4,480x360,2.97,29.97,2026-07-09,
friend,friend_signbsl_005,signbsl,nf,,https://media.signbsl.com/videos/bsl/nf/mp4/friend.mp4,data/raw_videos/friend/friend_signbsl_005.mp4,384x216,4.9,30.0,2026-07-09,
friend,friend_signbsl_006,signbsl,exeterdeafacademyvoiceoff,,https://media.signbsl.com/videos/bsl/ExeterDeafAcademyVoiceOff/mp4/RW9RFVm5q0w.mp4,data/raw_videos/friend/friend_signbsl_006.mp4,640x360,7.24,25.0,2026-07-09,
eat,eat_signbsl_001,signbsl,signstation,,https://media.signbsl.com/videos/bsl/signstation/eat.mp4,data/raw_videos/eat/eat_signbsl_001.mp4,320x240,2.8,25.0,2026-07-09,
eat,eat_signbsl_002,signbsl,signstation,,https://media.signbsl.com/videos/bsl/signstation/101-06-650.mp4,data/raw_videos/eat/eat_signbsl_002.mp4,512x374,1.84,25.0,2026-07-09,
eat,eat_signbsl_003,signbsl,corpusngt,,https://media.signbsl.com/videos/bsl/corpusngt/mp4/vlc-record-2015-04-08-14h52m27s-BSL_CN_lex_b.mpg-.mp4,data/raw_videos/eat/eat_signbsl_003.mp4,352x288,4.12,25.0,2026-07-09,
eat,eat_signbsl_004,signbsl,youtube,,https://media.signbsl.com/videos/bsl/youtube/mp4/7rC7o6l2y8k.mp4,data/raw_videos/eat/eat_signbsl_004.mp4,640x360,3.44,25.0,2026-07-09,
drink,drink_signbsl_001,signbsl,signstation,,https://media.signbsl.com/videos/bsl/signstation/drink.mp4,data/raw_videos/drink/drink_signbsl_001.mp4,320x240,1.24,25.0,2026-07-09,
drink,drink_signbsl_002,signbsl,youtube,,https://media.signbsl.com/videos/bsl/youtube/mp4/uUL1SaNlR-Q.mp4,data/raw_videos/drink/drink_signbsl_002.mp4,640x360,2.57,29.97,2026-07-09,
drink,drink_signbsl_003,signbsl,signmonkey,,https://media.signbsl.com/videos/bsl/signmonkey/mp4/drink.mp4,data/raw_videos/drink/drink_signbsl_003.mp4,640x480,1.91,34.0,2026-07-09,
drink,drink_signbsl_004,signbsl,corpusngt,,https://media.signbsl.com/videos/bsl/corpusngt/mp4/vlc-record-2015-04-08-14h50m35s-BSL_CN_lex_b.mpg-.mp4,data/raw_videos/drink/drink_signbsl_004.mp4,352x288,4.0,25.0,2026-07-09,
drink,drink_signbsl_005,signbsl,exeterdeafacademyvoiceoff,,https://media.signbsl.com/videos/bsl/ExeterDeafAcademyVoiceOff/mp4/5Yd3kQxytDw.mp4,data/raw_videos/drink/drink_signbsl_005.mp4,640x360,6.88,25.0,2026-07-09,
drink,drink_signbsl_006,signbsl,bslfirst,,https://media.signbsl.com/videos/bsl/bslfirst/mp4/996142986.mp4,data/raw_videos/drink/drink_signbsl_006.mp4,720x404,2.57,30.0,2026-07-09,
water,water_signbsl_001,signbsl,signstation,,https://media.signbsl.com/videos/bsl/signstation/water.mp4,data/raw_videos/water/water_signbsl_001.mp4,320x240,3.12,25.0,2026-07-09,
water,water_signbsl_002,signbsl,youtube,,https://media.signbsl.com/videos/bsl/youtube/mp4/ileflQR1tQU.mp4,data/raw_videos/water/water_signbsl_002.mp4,640x360,3.34,23.98,2026-07-09,
water,water_signbsl_003,signbsl,youtube,,https://media.signbsl.com/videos/bsl/youtube/mp4/MZaSmY8hezQ.mp4,data/raw_videos/water/water_signbsl_003.mp4,640x360,3.07,29.97,2026-07-09,
water,water_signbsl_004,signbsl,youtube,,https://media.signbsl.com/videos/bsl/youtube/mp4/w43YPEXubZE.mp4,data/raw_videos/water/water_signbsl_004.mp4,480x320,3.28,25.0,2026-07-09,
water,water_signbsl_005,signbsl,signmonkey,,https://media.signbsl.com/videos/bsl/signmonkey/mp4/water.mp4,data/raw_videos/water/water_signbsl_005.mp4,640x480,2.43,42.33,2026-07-09,
water,water_signbsl_006,signbsl,youtube,,https://media.signbsl.com/videos/bsl/youtube/mp4/gYS3rLdAFds.mp4,data/raw_videos/water/water_signbsl_006.mp4,640x360,6.2,30.0,2026-07-09,
toilet,toilet_signbsl_001,signbsl,signstation,,https://media.signbsl.com/videos/bsl/signstation/toilet.mp4,data/raw_videos/toilet/toilet_signbsl_001.mp4,320x240,1.64,25.0,2026-07-09,
toilet,toilet_signbsl_002,signbsl,signstation,,https://media.signbsl.com/videos/bsl/signstation/toilet-2.mp4,data/raw_videos/toilet/toilet_signbsl_002.mp4,320x240,1.44,25.0,2026-07-09,
toilet,toilet_signbsl_003,signbsl,youtube,,https://media.signbsl.com/videos/bsl/youtube/mp4/xvcYLsgpxEA.mp4,data/raw_videos/toilet/toilet_signbsl_003.mp4,640x360,3.84,23.98,2026-07-09,
toilet,toilet_signbsl_004,signbsl,youtube,,https://media.signbsl.com/videos/bsl/youtube/mp4/-XE4HgN-OLA.mp4,data/raw_videos/toilet/toilet_signbsl_004.mp4,640x360,3.2,29.97,2026-07-09,
toilet,toilet_signbsl_005,signbsl,signmonkey,,https://media.signbsl.com/videos/bsl/signmonkey/mp4/toilet.mp4,data/raw_videos/toilet/toilet_signbsl_005.mp4,640x480,2.15,20.0,2026-07-09,
toilet,toilet_signbsl_006,signbsl,gpnhs,,https://media.signbsl.com/videos/bsl/gpnhs/mp4/toilet.mp4,data/raw_videos/toilet/toilet_signbsl_006.mp4,480x360,3.7,29.97,2026-07-09,
help,help_signbsl_001,signbsl,signstation,,https://media.signbsl.com/videos/bsl/signstation/help.mp4,data/raw_videos/help/help_signbsl_001.mp4,320x240,1.44,25.0,2026-07-09,
help,help_signbsl_002,signbsl,signstation,,https://media.signbsl.com/videos/bsl/signstation/assist.mp4,data/raw_videos/help/help_signbsl_002.mp4,320x240,1.8,25.0,2026-07-09,
help,help_signbsl_003,signbsl,ict,,https://media.signbsl.com/videos/ict/mp4/74_help.mp4,data/raw_videos/help/help_signbsl_003.mp4,320x240,4.32,25.0,2026-07-09,
help,help_signbsl_004,signbsl,deafway,,https://media.signbsl.com/videos/bsl/deafway/mp4/help.mp4,data/raw_videos/help/help_signbsl_004.mp4,480x270,1.87,14.97,2026-07-09,
help,help_signbsl_005,signbsl,signmonkey,,https://media.signbsl.com/videos/bsl/signmonkey/mp4/help.mp4,data/raw_videos/help/help_signbsl_005.mp4,640x480,2.58,28.33,2026-07-09,
help,help_signbsl_006,signbsl,signon,,https://media.signbsl.com/videos/bsl/signon/mp4/wsw18.mp4,data/raw_videos/help/help_signbsl_006.mp4,320x240,2.2,25.0,2026-07-09,
home,home_signbsl_001,signbsl,signstation,,https://media.signbsl.com/videos/bsl/signstation/home.mp4,data/raw_videos/home/home_signbsl_001.mp4,320x240,1.92,25.0,2026-07-09,
home,home_signbsl_002,signbsl,signstation,,https://media.signbsl.com/videos/bsl/signstation/home-2.mp4,data/raw_videos/home/home_signbsl_002.mp4,320x240,1.28,25.0,2026-07-09,
home,home_signbsl_003,signbsl,signstation,,https://media.signbsl.com/videos/bsl/signstation/home-3.mp4,data/raw_videos/home/home_signbsl_003.mp4,320x240,1.72,25.0,2026-07-09,
home,home_signbsl_004,signbsl,signstation,,https://media.signbsl.com/videos/bsl/signstation/place.mp4,data/raw_videos/home/home_signbsl_004.mp4,320x240,1.88,25.0,2026-07-09,
home,home_signbsl_005,signbsl,wolver,,https://media.signbsl.com/videos/wolver/mp4/eng_home_8906.mp4,data/raw_videos/home/home_signbsl_005.mp4,400x300,1.52,25.0,2026-07-09,
home,home_signbsl_006,signbsl,deafway,,https://media.signbsl.com/videos/bsl/deafway/mp4/home.mp4,data/raw_videos/home/home_signbsl_006.mp4,480x270,2.73,15.02,2026-07-09,
sleep,sleep_signbsl_001,signbsl,signstation,,https://media.signbsl.com/videos/bsl/signstation/sleep.mp4,data/raw_videos/sleep/sleep_signbsl_001.mp4,320x240,1.36,25.0,2026-07-09,
sleep,sleep_signbsl_002,signbsl,signstation,,https://media.signbsl.com/videos/bsl/signstation/101-06-609.mp4,data/raw_videos/sleep/sleep_signbsl_002.mp4,512x374,2.44,25.0,2026-07-09,
sleep,sleep_signbsl_003,signbsl,corpusngt,,https://media.signbsl.com/videos/bsl/corpusngt/mp4/vlc-record-2015-04-21-18h02m40s-BSL_CN_lex_b.mpg-.mp4,data/raw_videos/sleep/sleep_signbsl_003.mp4,352x288,2.56,25.0,2026-07-09,
sleep,sleep_signbsl_004,signbsl,youtube,,https://media.signbsl.com/videos/bsl/youtube/mp4/E7AHVVA7FUc.mp4,data/raw_videos/sleep/sleep_signbsl_004.mp4,640x360,4.8,29.97,2026-07-09,
sleep,sleep_signbsl_005,signbsl,youtube,,https://media.signbsl.com/videos/bsl/youtube/mp4/eH1rrAzmsrQ.mp4,data/raw_videos/sleep/sleep_signbsl_005.mp4,640x360,3.28,25.0,2026-07-09,
work,work_signbsl_001,signbsl,signstation,,https://media.signbsl.com/videos/bsl/signstation/work.mp4,data/raw_videos/work/work_signbsl_001.mp4,320x240,1.28,25.0,2026-07-09,
work,work_signbsl_002,signbsl,signmonkey,,https://media.signbsl.com/videos/bsl/signmonkey/mp4/work.mp4,data/raw_videos/work/work_signbsl_002.mp4,640x480,3.12,28.5,2026-07-09,
work,work_signbsl_003,signbsl,exeterdeafacademyvoiceoff,,https://media.signbsl.com/videos/bsl/ExeterDeafAcademyVoiceOff/mp4/rYLns0oEoH0.mp4,data/raw_videos/work/work_signbsl_003.mp4,640x360,7.28,25.0,2026-07-09,
work,work_signbsl_004,signbsl,signstation,,https://media.signbsl.com/videos/bsl/signstation/sour.mp4,data/raw_videos/work/work_signbsl_004.mp4,320x240,1.32,25.0,2026-07-09,
work,work_signbsl_005,signbsl,signmonkey,,https://media.signbsl.com/videos/bsl/signmonkey/mp4/sour.mp4,data/raw_videos/work/work_signbsl_005.mp4,640x480,2.73,28.17,2026-07-09,
work,work_signbsl_006,signbsl,corpusngt,,https://media.signbsl.com/videos/bsl/corpusngt/mp4/vlc-record-2015-04-21-18h22m48s-BSL_CN_lex_b.mpg-.mp4,data/raw_videos/work/work_signbsl_006.mp4,352x288,3.52,25.0,2026-07-09,
school,school_signbsl_001,signbsl,signstation,,https://media.signbsl.com/videos/bsl/signstation/school.mp4,data/raw_videos/school/school_signbsl_001.mp4,320x240,1.92,25.0,2026-07-09,
school,school_signbsl_002,signbsl,wolver,,https://media.signbsl.com/videos/wolver/mp4/3606_School_ArtMvt.mp4,data/raw_videos/school/school_signbsl_002.mp4,400x300,2.48,25.0,2026-07-09,
school,school_signbsl_003,signbsl,signmonkey,,https://media.signbsl.com/videos/bsl/signmonkey/mp4/school.mp4,data/raw_videos/school/school_signbsl_003.mp4,640x480,3.16,28.17,2026-07-09,
school,school_signbsl_004,signbsl,corpusngt,,https://media.signbsl.com/videos/bsl/corpusngt/mp4/vlc-record-2015-04-21-17h54m33s-BSL_CN_lex_b.mpg-.mp4,data/raw_videos/school/school_signbsl_004.mp4,352x288,4.12,25.0,2026-07-09,
school,school_signbsl_005,signbsl,nf,,https://media.signbsl.com/videos/bsl/nf/mp4/School%20(in%20BSL)-HD.mp4,data/raw_videos/school/school_signbsl_005.mp4,640x360,2.16,25.0,2026-07-09,
money,money_signbsl_001,signbsl,signstation,,https://media.signbsl.com/videos/bsl/signstation/money.mp4,data/raw_videos/money/money_signbsl_001.mp4,320x240,2.48,25.0,2026-07-09,
money,money_signbsl_002,signbsl,signstation,,https://media.signbsl.com/videos/bsl/signstation/101-06-1349.mp4,data/raw_videos/money/money_signbsl_002.mp4,512x374,3.32,25.0,2026-07-09,
money,money_signbsl_003,signbsl,youtube,,https://media.signbsl.com/videos/bsl/youtube/mp4/KINyfaNwfW0.mp4,data/raw_videos/money/money_signbsl_003.mp4,640x360,3.37,29.97,2026-07-09,
money,money_signbsl_004,signbsl,signmonkey,,https://media.signbsl.com/videos/bsl/signmonkey/mp4/money.mp4,data/raw_videos/money/money_signbsl_004.mp4,640x480,2.33,15.0,2026-07-09,
money,money_signbsl_005,signbsl,gpnhs,,https://media.signbsl.com/videos/bsl/gpnhs/mp4/money.mp4,data/raw_videos/money/money_signbsl_005.mp4,480x360,3.64,29.97,2026-07-09,
money,money_signbsl_006,signbsl,youtube,,https://media.signbsl.com/videos/bsl/youtube/mp4/ig3WdSRnUO8.mp4,data/raw_videos/money/money_signbsl_006.mp4,640x360,2.56,25.0,2026-07-09,
need,need_signbsl_001,signbsl,signstation,,https://media.signbsl.com/videos/bsl/signstation/involve.mp4,data/raw_videos/need/need_signbsl_001.mp4,320x240,1.76,25.0,2026-07-09,
need,need_signbsl_002,signbsl,signstation,,https://media.signbsl.com/videos/bsl/signstation/require.mp4,data/raw_videos/need/need_signbsl_002.mp4,320x240,1.56,25.0,2026-07-09,
need,need_signbsl_003,signbsl,signstation,,https://media.signbsl.com/videos/bsl/signstation/need.mp4,data/raw_videos/need/need_signbsl_003.mp4,320x240,1.28,25.0,2026-07-09,
need,need_signbsl_004,signbsl,signon,,https://media.signbsl.com/videos/bsl/signon/mp4/shw32.mp4,data/raw_videos/need/need_signbsl_004.mp4,320x240,2.08,25.0,2026-07-09,
need,need_signbsl_005,signbsl,gpnhs,,https://media.signbsl.com/videos/bsl/gpnhs/mp4/need.mp4,data/raw_videos/need/need_signbsl_005.mp4,480x360,2.77,29.97,2026-07-09,
like,like_signbsl_001,signbsl,signstation,,https://media.signbsl.com/videos/bsl/signstation/like.mp4,data/raw_videos/like/like_signbsl_001.mp4,320x240,1.84,25.0,2026-07-09,
like,like_signbsl_002,signbsl,signmonkey,,https://media.signbsl.com/videos/bsl/signmonkey/mp4/like.mp4,data/raw_videos/like/like_signbsl_002.mp4,640x480,2.72,42.33,2026-07-09,
like,like_signbsl_003,signbsl,signon,,https://media.signbsl.com/videos/bsl/signon/mp4/daw09.mp4,data/raw_videos/like/like_signbsl_003.mp4,320x240,2.36,25.0,2026-07-09,
like,like_signbsl_004,signbsl,gpnhs,,https://media.signbsl.com/videos/bsl/gpnhs/mp4/like.mp4,data/raw_videos/like/like_signbsl_004.mp4,480x360,3.5,29.97,2026-07-09,
like,like_signbsl_005,signbsl,signstation,,https://media.signbsl.com/videos/bsl/signstation/like-2.mp4,data/raw_videos/like/like_signbsl_005.mp4,320x240,1.64,25.0,2026-07-09,
like,like_signbsl_006,signbsl,signon,,https://media.signbsl.com/videos/bsl/signon/mp4/msw03.mp4,data/raw_videos/like/like_signbsl_006.mp4,320x240,2.34,200.0,2026-07-09,
know,know_signbsl_001,signbsl,signstation,,https://media.signbsl.com/videos/bsl/signstation/know.mp4,data/raw_videos/know/know_signbsl_001.mp4,320x240,1.76,25.0,2026-07-09,
know,know_signbsl_002,signbsl,signmonkey,,https://media.signbsl.com/videos/bsl/signmonkey/mp4/know.mp4,data/raw_videos/know/know_signbsl_002.mp4,640x426,4.0,25.0,2026-07-09,
know,know_signbsl_003,signbsl,signmonkey,,https://media.signbsl.com/videos/bsl/signmonkey/mp4/know2.mp4,data/raw_videos/know/know_signbsl_003.mp4,640x480,3.33,30.0,2026-07-09,
know,know_signbsl_004,signbsl,corpusngt,,https://media.signbsl.com/videos/bsl/corpusngt/mp4/vlc-record-2015-04-10-11h36m38s-BSL_CN_lex_b.mpg-.mp4,data/raw_videos/know/know_signbsl_004.mp4,352x288,3.52,25.0,2026-07-09,
know,know_signbsl_005,signbsl,gpnhs,,https://media.signbsl.com/videos/bsl/gpnhs/mp4/know.mp4,data/raw_videos/know/know_signbsl_005.mp4,480x360,3.07,29.97,2026-07-09,
understand,understand_signbsl_001,signbsl,signstation,,https://media.signbsl.com/videos/bsl/signstation/understand.mp4,data/raw_videos/understand/understand_signbsl_001.mp4,320x240,2.2,25.0,2026-07-09,
understand,understand_signbsl_002,signbsl,signstation,,https://media.signbsl.com/videos/bsl/signstation/understand-2.mp4,data/raw_videos/understand/understand_signbsl_002.mp4,320x240,1.56,25.0,2026-07-09,
understand,understand_signbsl_003,signbsl,signmonkey,,https://media.signbsl.com/videos/bsl/signmonkey/mp4/understand.mp4,data/raw_videos/understand/understand_signbsl_003.mp4,640x480,2.72,28.33,2026-07-09,
understand,understand_signbsl_004,signbsl,gpnhs,,https://media.signbsl.com/videos/bsl/gpnhs/mp4/understand.mp4,data/raw_videos/understand/understand_signbsl_004.mp4,480x360,2.7,29.97,2026-07-09,
think,think_signbsl_001,signbsl,signstation,,https://media.signbsl.com/videos/bsl/signstation/remember.mp4,data/raw_videos/think/think_signbsl_001.mp4,320x240,1.52,25.0,2026-07-09,
think,think_signbsl_002,signbsl,signstation,,https://media.signbsl.com/videos/bsl/signstation/remember-2.mp4,data/raw_videos/think/think_signbsl_002.mp4,320x240,1.8,25.0,2026-07-09,
think,think_signbsl_003,signbsl,signstation,,https://media.signbsl.com/videos/bsl/signstation/101-06-603.mp4,data/raw_videos/think/think_signbsl_003.mp4,512x374,2.72,25.0,2026-07-09,
think,think_signbsl_004,signbsl,signmonkey,,https://media.signbsl.com/videos/bsl/signmonkey/mp4/remember.mp4,data/raw_videos/think/think_signbsl_004.mp4,640x480,3.0,15.0,2026-07-09,
think,think_signbsl_005,signbsl,signon,,https://media.signbsl.com/videos/bsl/signon/mp4/trw79.mp4,data/raw_videos/think/think_signbsl_005.mp4,320x240,2.48,25.0,2026-07-09,
think,think_signbsl_006,signbsl,corpusngt,,https://media.signbsl.com/videos/bsl/corpusngt/mp4/vlc-record-2015-04-16-16h43m56s-BSL_CN_lex_b.mpg-.mp4,data/raw_videos/think/think_signbsl_006.mp4,352x288,3.04,25.0,2026-07-09,
go,go_signbsl_001,signbsl,signstation,,https://media.signbsl.com/videos/bsl/signstation/go.mp4,data/raw_videos/go/go_signbsl_001.mp4,320x240,1.92,25.0,2026-07-09,
go,go_signbsl_002,signbsl,youtube,,https://media.signbsl.com/videos/bsl/youtube/mp4/CoSEPhmliQw.mp4,data/raw_videos/go/go_signbsl_002.mp4,640x360,2.76,25.0,2026-07-09,
go,go_signbsl_003,signbsl,signmonkey,,https://media.signbsl.com/videos/bsl/signmonkey/mp4/go.mp4,data/raw_videos/go/go_signbsl_003.mp4,640x480,2.92,29.83,2026-07-09,
go,go_signbsl_004,signbsl,gpnhs,,https://media.signbsl.com/videos/bsl/gpnhs/mp4/go.mp4,data/raw_videos/go/go_signbsl_004.mp4,480x360,4.0,25.0,2026-07-09,
go,go_signbsl_005,signbsl,nf,,https://media.signbsl.com/videos/bsl/nf/mp4/Go.mp4,data/raw_videos/go/go_signbsl_005.mp4,384x216,2.84,29.97,2026-07-09,
go,go_signbsl_006,signbsl,nf,,https://media.signbsl.com/videos/bsl/nf/mp4/Go%20(directional).mp4,data/raw_videos/go/go_signbsl_006.mp4,384x216,2.74,29.97,2026-07-09,
ask,ask_signbsl_001,signbsl,signstation,,https://media.signbsl.com/videos/bsl/signstation/ask.mp4,data/raw_videos/ask/ask_signbsl_001.mp4,320x240,1.84,25.0,2026-07-09,
ask,ask_signbsl_002,signbsl,signstation,,https://media.signbsl.com/videos/bsl/signstation/101-06-10.mp4,data/raw_videos/ask/ask_signbsl_002.mp4,512x374,2.6,25.0,2026-07-09,
ask,ask_signbsl_003,signbsl,signmonkey,,https://media.signbsl.com/videos/bsl/signmonkey/mp4/ask.mp4,data/raw_videos/ask/ask_signbsl_003.mp4,640x480,2.43,30.0,2026-07-09,
ask,ask_signbsl_004,signbsl,corpusngt,,https://media.signbsl.com/videos/bsl/corpusngt/mp4/vlc-record-2015-04-08-14h26m26s-BSL_CN_lex_b.mpg-.mp4,data/raw_videos/ask/ask_signbsl_004.mp4,352x288,7.96,25.0,2026-07-09,
ask,ask_signbsl_005,signbsl,gpnhs,,https://media.signbsl.com/videos/bsl/gpnhs/mp4/ask.mp4,data/raw_videos/ask/ask_signbsl_005.mp4,480x360,2.74,29.97,2026-07-09,
ask,ask_signbsl_006,signbsl,nf,,https://media.signbsl.com/videos/bsl/nf/mp4/Ask.mp4,data/raw_videos/ask/ask_signbsl_006.mp4,384x216,2.17,30.0,2026-07-09,
look,look_signbsl_001,signbsl,signstation,,https://media.signbsl.com/videos/bsl/signstation/look.mp4,data/raw_videos/look/look_signbsl_001.mp4,320x240,1.72,25.0,2026-07-09,
look,look_signbsl_002,signbsl,signstation,,https://media.signbsl.com/videos/bsl/signstation/look-3.mp4,data/raw_videos/look/look_signbsl_002.mp4,320x240,1.52,25.0,2026-07-09,
look,look_signbsl_003,signbsl,signstation,,https://media.signbsl.com/videos/bsl/signstation/101-06-677.mp4,data/raw_videos/look/look_signbsl_003.mp4,512x374,2.68,25.0,2026-07-09,
look,look_signbsl_004,signbsl,corpusngt,,https://media.signbsl.com/videos/bsl/corpusngt/mp4/vlc-record-2015-04-10-11h42m06s-BSL_CN_lex_b.mpg-.mp4,data/raw_videos/look/look_signbsl_004.mp4,352x288,5.32,25.0,2026-07-09,
look,look_signbsl_005,signbsl,signstation,,https://media.signbsl.com/videos/bsl/signstation/expect.mp4,data/raw_videos/look/look_signbsl_005.mp4,320x240,1.6,25.0,2026-07-09,
look,look_signbsl_006,signbsl,signon,,https://media.signbsl.com/videos/bsl/signon/mp4/msw31.mp4,data/raw_videos/look/look_signbsl_006.mp4,320x240,2.38,125.0,2026-07-09,
make,make_signbsl_001,signbsl,signstation,,https://media.signbsl.com/videos/bsl/signstation/have.mp4,data/raw_videos/make/make_signbsl_001.mp4,320x240,1.36,25.0,2026-07-09,
make,make_signbsl_002,signbsl,signstation,,https://media.signbsl.com/videos/bsl/signstation/hold.mp4,data/raw_videos/make/make_signbsl_002.mp4,320x240,3.16,25.0,2026-07-09,
make,make_signbsl_003,signbsl,signstation,,https://media.signbsl.com/videos/bsl/signstation/throw.mp4,data/raw_videos/make/make_signbsl_003.mp4,320x240,1.44,25.0,2026-07-09,
make,make_signbsl_004,signbsl,signstation,,https://media.signbsl.com/videos/bsl/signstation/give.mp4,data/raw_videos/make/make_signbsl_004.mp4,320x240,1.44,25.0,2026-07-09,
make,make_signbsl_005,signbsl,signstation,,https://media.signbsl.com/videos/bsl/signstation/make.mp4,data/raw_videos/make/make_signbsl_005.mp4,320x240,1.72,25.0,2026-07-09,
make,make_signbsl_006,signbsl,signstation,,https://media.signbsl.com/videos/bsl/signstation/make-2.mp4,data/raw_videos/make/make_signbsl_006.mp4,320x240,1.48,25.0,2026-07-09,
stop,stop_signbsl_001,signbsl,signstation,,https://media.signbsl.com/videos/bsl/signstation/end.mp4,data/raw_videos/stop/stop_signbsl_001.mp4,320x240,1.6,25.0,2026-07-09,
stop,stop_signbsl_002,signbsl,signstation,,https://media.signbsl.com/videos/bsl/signstation/finish.mp4,data/raw_videos/stop/stop_signbsl_002.mp4,320x240,1.92,25.0,2026-07-09,
stop,stop_signbsl_003,signbsl,signstation,,https://media.signbsl.com/videos/bsl/signstation/finish-2.mp4,data/raw_videos/stop/stop_signbsl_003.mp4,320x240,1.4,25.0,2026-07-09,
stop,stop_signbsl_004,signbsl,youtube,,https://media.signbsl.com/videos/bsl/youtube/mp4/3T6UPDXT9ok.mp4,data/raw_videos/stop/stop_signbsl_004.mp4,640x360,3.16,25.0,2026-07-09,
stop,stop_signbsl_005,signbsl,signmonkey,,https://media.signbsl.com/videos/bsl/signmonkey/mp4/finish.mp4,data/raw_videos/stop/stop_signbsl_005.mp4,1280x854,3.43,30.0,2026-07-09,
stop,stop_signbsl_006,signbsl,corpusngt,,https://media.signbsl.com/videos/bsl/corpusngt/mp4/vlc-record-2015-04-08-15h01m17s-BSL_CN_lex_b.mpg-.mp4,data/raw_videos/stop/stop_signbsl_006.mp4,352x288,6.76,25.0,2026-07-09,
happy,happy_signbsl_001,signbsl,signstation,,https://media.signbsl.com/videos/bsl/signstation/happy.mp4,data/raw_videos/happy/happy_signbsl_001.mp4,320x240,1.8,25.0,2026-07-09,
happy,happy_signbsl_002,signbsl,signmonkey,,https://media.signbsl.com/videos/bsl/signmonkey/mp4/happy.mp4,data/raw_videos/happy/happy_signbsl_002.mp4,640x480,2.18,120.0,2026-07-09,
happy,happy_signbsl_003,signbsl,corpusngt,,https://media.signbsl.com/videos/bsl/corpusngt/mp4/vlc-record-2015-04-08-15h13m09s-BSL_CN_lex_b.mpg-.mp4,data/raw_videos/happy/happy_signbsl_003.mp4,352x288,3.76,25.0,2026-07-09,
happy,happy_signbsl_004,signbsl,gpnhs,,https://media.signbsl.com/videos/bsl/gpnhs/mp4/happy.mp4,data/raw_videos/happy/happy_signbsl_004.mp4,480x360,3.24,29.97,2026-07-09,
happy,happy_signbsl_005,signbsl,nf,,https://media.signbsl.com/videos/bsl/nf/mp4/Happy.mp4,data/raw_videos/happy/happy_signbsl_005.mp4,384x216,2.23,30.0,2026-07-09,
happy,happy_signbsl_006,signbsl,exeterdeafacademyvoiceoff,,https://media.signbsl.com/videos/bsl/ExeterDeafAcademyVoiceOff/mp4/YKYDbfQ6ym4.mp4,data/raw_videos/happy/happy_signbsl_006.mp4,640x360,6.88,25.0,2026-07-09,
sad,sad_signbsl_001,signbsl,signstation,,https://media.signbsl.com/videos/bsl/signstation/101-06-605.mp4,data/raw_videos/sad/sad_signbsl_001.mp4,512x374,2.48,25.0,2026-07-09,
sad,sad_signbsl_002,signbsl,deafway,,https://media.signbsl.com/videos/bsl/deafway/mp4/Sad.mp4,data/raw_videos/sad/sad_signbsl_002.mp4,640x360,2.24,25.0,2026-07-09,
sad,sad_signbsl_003,signbsl,signmonkey,,https://media.signbsl.com/videos/bsl/signmonkey/mp4/sad.mp4,data/raw_videos/sad/sad_signbsl_003.mp4,640x480,3.2,30.0,2026-07-09,
sad,sad_signbsl_004,signbsl,corpusngt,,https://media.signbsl.com/videos/bsl/corpusngt/mp4/vlc-record-2015-04-21-17h52m48s-BSL_CN_lex_b.mpg-.mp4,data/raw_videos/sad/sad_signbsl_004.mp4,352x288,2.92,25.0,2026-07-09,
sad,sad_signbsl_005,signbsl,gpnhs,,https://media.signbsl.com/videos/bsl/gpnhs/mp4/sad.mp4,data/raw_videos/sad/sad_signbsl_005.mp4,480x360,2.8,29.97,2026-07-09,
sad,sad_signbsl_006,signbsl,nf,,https://media.signbsl.com/videos/bsl/nf/mp4/Sad.mp4,data/raw_videos/sad/sad_signbsl_006.mp4,384x216,2.83,30.0,2026-07-09,
angry,angry_signbsl_001,signbsl,signstation,,https://media.signbsl.com/videos/bsl/signstation/angry.mp4,data/raw_videos/angry/angry_signbsl_001.mp4,320x240,2.4,25.0,2026-07-09,
angry,angry_signbsl_002,signbsl,deafway,,https://media.signbsl.com/videos/bsl/deafway/mp4/Angry.mp4,data/raw_videos/angry/angry_signbsl_002.mp4,640x360,2.16,25.0,2026-07-09,
angry,angry_signbsl_003,signbsl,signmonkey,,https://media.signbsl.com/videos/bsl/signmonkey/mp4/angry.mp4,data/raw_videos/angry/angry_signbsl_003.mp4,640x480,2.12,24.0,2026-07-09,
angry,angry_signbsl_004,signbsl,signon,,https://media.signbsl.com/videos/bsl/signon/mp4/new49.mp4,data/raw_videos/angry/angry_signbsl_004.mp4,320x240,2.78,125.0,2026-07-09,
angry,angry_signbsl_005,signbsl,signon,,https://media.signbsl.com/videos/bsl/signon/mp4/new57.mp4,data/raw_videos/angry/angry_signbsl_005.mp4,320x240,2.44,25.0,2026-07-09,
angry,angry_signbsl_006,signbsl,corpusngt,,https://media.signbsl.com/videos/bsl/corpusngt/mp4/vlc-record-2015-04-08-14h20m45s-BSL_CN_lex_b.mpg-.mp4,data/raw_videos/angry/angry_signbsl_006.mp4,352x288,4.72,25.0,2026-07-09,
love,love_signbsl_001,signbsl,signstation,,https://media.signbsl.com/videos/bsl/signstation/love.mp4,data/raw_videos/love/love_signbsl_001.mp4,320x240,1.52,25.0,2026-07-09,
love,love_signbsl_002,signbsl,deafway,,https://media.signbsl.com/videos/bsl/deafway/mp4/love.mp4,data/raw_videos/love/love_signbsl_002.mp4,640x360,2.6,25.0,2026-07-09,
love,love_signbsl_003,signbsl,corpusngt,,https://media.signbsl.com/videos/bsl/corpusngt/mp4/vlc-record-2015-04-10-11h41m22s-BSL_CN_lex_b.mpg-.mp4,data/raw_videos/love/love_signbsl_003.mp4,352x288,4.36,25.0,2026-07-09,
love,love_signbsl_004,signbsl,deafsigns,,https://media.signbsl.com/videos/bsl/deafsigns/mp4/24a9d5610948ed4b4a6f6306510acc1d.mp4,data/raw_videos/love/love_signbsl_004.mp4,640x558,3.9,30.0,2026-07-09,
love,love_signbsl_005,signbsl,youtube,,https://media.signbsl.com/videos/bsl/youtube/mp4/pej-Fj0-0x8.mp4,data/raw_videos/love/love_signbsl_005.mp4,640x360,3.0,25.0,2026-07-09,
tired,tired_signbsl_001,signbsl,signstation,,https://media.signbsl.com/videos/bsl/signstation/tired.mp4,data/raw_videos/tired/tired_signbsl_001.mp4,320x240,1.6,25.0,2026-07-09,
tired,tired_signbsl_002,signbsl,signstation,,https://media.signbsl.com/videos/bsl/signstation/tired-2.mp4,data/raw_videos/tired/tired_signbsl_002.mp4,320x240,1.64,25.0,2026-07-09,
tired,tired_signbsl_003,signbsl,signmonkey,,https://media.signbsl.com/videos/bsl/signmonkey/mp4/tired%20(1).mp4,data/raw_videos/tired/tired_signbsl_003.mp4,640x480,2.67,30.0,2026-07-09,
tired,tired_signbsl_004,signbsl,signmonkey,,https://media.signbsl.com/videos/bsl/signmonkey/mp4/tired.mp4,data/raw_videos/tired/tired_signbsl_004.mp4,640x426,2.8,14.65,2026-07-09,
tired,tired_signbsl_005,signbsl,corpusngt,,https://media.signbsl.com/videos/bsl/corpusngt/mp4/vlc-record-2015-04-24-20h18m05s-BSL_CN_lex_b.mpg-.mp4,data/raw_videos/tired/tired_signbsl_005.mp4,352x288,3.76,25.0,2026-07-09,
tired,tired_signbsl_006,signbsl,gpnhs,,https://media.signbsl.com/videos/bsl/gpnhs/mp4/tired.mp4,data/raw_videos/tired/tired_signbsl_006.mp4,480x360,1.94,29.97,2026-07-09,
bad,bad_signbsl_001,signbsl,signstation,,https://media.signbsl.com/videos/bsl/signstation/bad.mp4,data/raw_videos/bad/bad_signbsl_001.mp4,320x240,1.52,25.0,2026-07-09,
bad,bad_signbsl_002,signbsl,youtube,,https://media.signbsl.com/videos/bsl/youtube/mp4/Cg22tczx3nE.mp4,data/raw_videos/bad/bad_signbsl_002.mp4,640x360,3.57,29.97,2026-07-09,
bad,bad_signbsl_003,signbsl,corpusngt,,https://media.signbsl.com/videos/bsl/corpusngt/mp4/vlc-record-2015-04-08-14h28m17s-BSL_CN_lex_b.mpg-.mp4,data/raw_videos/bad/bad_signbsl_003.mp4,352x288,5.32,25.0,2026-07-09,
bad,bad_signbsl_004,signbsl,nf,,https://media.signbsl.com/videos/bsl/nf/mp4/Bad.mp4,data/raw_videos/bad/bad_signbsl_004.mp4,384x216,1.97,30.0,2026-07-09,
what,what_signbsl_001,signbsl,signstation,,https://media.signbsl.com/videos/bsl/signstation/what.mp4,data/raw_videos/what/what_signbsl_001.mp4,512x374,1.36,25.0,2026-07-09,
what,what_signbsl_002,signbsl,signstation,,https://media.signbsl.com/videos/bsl/signstation/what-extreme.mp4,data/raw_videos/what/what_signbsl_002.mp4,512x374,1.6,25.0,2026-07-09,
what,what_signbsl_003,signbsl,youtube,,https://media.signbsl.com/videos/bsl/youtube/mp4/kxag6_1TKAA.mp4,data/raw_videos/what/what_signbsl_003.mp4,480x320,3.44,25.0,2026-07-09,
what,what_signbsl_004,signbsl,signmonkey,,https://media.signbsl.com/videos/bsl/signmonkey/mp4/what.mp4,data/raw_videos/what/what_signbsl_004.mp4,640x480,2.29,28.33,2026-07-09,
what,what_signbsl_005,signbsl,gpnhs,,https://media.signbsl.com/videos/bsl/gpnhs/mp4/what.mp4,data/raw_videos/what/what_signbsl_005.mp4,480x360,3.6,29.97,2026-07-09,
what,what_signbsl_006,signbsl,nf,,https://media.signbsl.com/videos/bsl/nf/mp4/What.mp4,data/raw_videos/what/what_signbsl_006.mp4,384x216,3.04,29.97,2026-07-09,
where,where_signbsl_001,signbsl,signstation,,https://media.signbsl.com/videos/bsl/signstation/where.mp4,data/raw_videos/where/where_signbsl_001.mp4,320x240,1.92,25.0,2026-07-09,
where,where_signbsl_002,signbsl,signstation,,https://media.signbsl.com/videos/bsl/signstation/101-06-1219.mp4,data/raw_videos/where/where_signbsl_002.mp4,512x374,3.0,25.0,2026-07-09,
where,where_signbsl_003,signbsl,youtube,,https://media.signbsl.com/videos/bsl/youtube/mp4/qAY6hUsCs84.mp4,data/raw_videos/where/where_signbsl_003.mp4,480x320,3.44,25.0,2026-07-09,
where,where_signbsl_004,signbsl,signmonkey,,https://media.signbsl.com/videos/bsl/signmonkey/mp4/where.mp4,data/raw_videos/where/where_signbsl_004.mp4,640x480,3.33,16.5,2026-07-09,
where,where_signbsl_005,signbsl,gpnhs,,https://media.signbsl.com/videos/bsl/gpnhs/mp4/where.mp4,data/raw_videos/where/where_signbsl_005.mp4,480x360,2.84,29.97,2026-07-09,
where,where_signbsl_006,signbsl,nf,,https://media.signbsl.com/videos/bsl/nf/mp4/Where.mp4,data/raw_videos/where/where_signbsl_006.mp4,384x216,3.34,29.97,2026-07-09,
who,who_signbsl_001,signbsl,signstation,,https://media.signbsl.com/videos/bsl/signstation/WHO.mp4,data/raw_videos/who/who_signbsl_001.mp4,320x240,1.6,25.0,2026-07-09,
who,who_signbsl_002,signbsl,signstation,,https://media.signbsl.com/videos/bsl/signstation/WHO-2.mp4,data/raw_videos/who/who_signbsl_002.mp4,320x240,1.68,25.0,2026-07-09,
who,who_signbsl_003,signbsl,signstation,,https://media.signbsl.com/videos/bsl/signstation/WHO-3.mp4,data/raw_videos/who/who_signbsl_003.mp4,320x240,1.56,25.0,2026-07-09,
who,who_signbsl_004,signbsl,signstation,,https://media.signbsl.com/videos/bsl/signstation/101-06-1227.mp4,data/raw_videos/who/who_signbsl_004.mp4,512x374,3.08,25.0,2026-07-09,
who,who_signbsl_005,signbsl,signmonkey,,https://media.signbsl.com/videos/bsl/signmonkey/mp4/who.mp4,data/raw_videos/who/who_signbsl_005.mp4,640x480,2.86,28.33,2026-07-09,
who,who_signbsl_006,signbsl,corpusngt,,https://media.signbsl.com/videos/bsl/corpusngt/mp4/vlc-record-2015-04-24-20h23m13s-BSL_CN_lex_b.mpg-.mp4,data/raw_videos/who/who_signbsl_006.mp4,352x288,4.0,25.0,2026-07-09,
why,why_signbsl_001,signbsl,signstation,,https://media.signbsl.com/videos/bsl/signstation/why.mp4,data/raw_videos/why/why_signbsl_001.mp4,320x240,1.48,25.0,2026-07-09,
why,why_signbsl_002,signbsl,signmonkey,,https://media.signbsl.com/videos/bsl/signmonkey/mp4/why.mp4,data/raw_videos/why/why_signbsl_002.mp4,640x480,2.97,16.5,2026-07-09,
why,why_signbsl_003,signbsl,gpnhs,,https://media.signbsl.com/videos/bsl/gpnhs/mp4/why.mp4,data/raw_videos/why/why_signbsl_003.mp4,480x360,3.1,29.97,2026-07-09,
why,why_signbsl_004,signbsl,youtube,,https://media.signbsl.com/videos/bsl/youtube/mp4/Dv6wkEf01P4.mp4,data/raw_videos/why/why_signbsl_004.mp4,640x360,5.92,25.0,2026-07-09,
why,why_signbsl_005,signbsl,youtube,,https://media.signbsl.com/videos/bsl/youtube/mp4/Fec5l-PAoqk.mp4,data/raw_videos/why/why_signbsl_005.mp4,640x360,2.6,29.97,2026-07-09,
why,why_signbsl_006,signbsl,youtube,,https://media.signbsl.com/videos/bsl/youtube/mp4/ELbTWACocSE.mp4,data/raw_videos/why/why_signbsl_006.mp4,640x360,3.93,30.0,2026-07-09,
how,how_signbsl_001,signbsl,signstation,,https://media.signbsl.com/videos/bsl/signstation/how.mp4,data/raw_videos/how/how_signbsl_001.mp4,320x240,1.92,25.0,2026-07-09,
how,how_signbsl_002,signbsl,signstation,,https://media.signbsl.com/videos/bsl/signstation/how-2.mp4,data/raw_videos/how/how_signbsl_002.mp4,320x240,1.6,25.0,2026-07-09,
how,how_signbsl_003,signbsl,signstation,,https://media.signbsl.com/videos/bsl/signstation/101-06-1221.mp4,data/raw_videos/how/how_signbsl_003.mp4,512x374,3.32,25.0,2026-07-09,
how,how_signbsl_004,signbsl,youtube,,https://media.signbsl.com/videos/bsl/youtube/mp4/DBbuPmLpbyM.mp4,data/raw_videos/how/how_signbsl_004.mp4,480x320,3.16,25.0,2026-07-09,
how,how_signbsl_005,signbsl,signmonkey,,https://media.signbsl.com/videos/bsl/signmonkey/mp4/how.mp4,data/raw_videos/how/how_signbsl_005.mp4,640x480,3.58,16.5,2026-07-09,
how,how_signbsl_006,signbsl,corpusngt,,https://media.signbsl.com/videos/bsl/corpusngt/mp4/vlc-record-2015-04-08-15h17m40s-BSL_CN_lex_b.mpg-.mp4,data/raw_videos/how/how_signbsl_006.mp4,352x288,4.12,25.0,2026-07-09,
today,today_signbsl_001,signbsl,signstation,,https://media.signbsl.com/videos/bsl/signstation/today.mp4,data/raw_videos/today/today_signbsl_001.mp4,320x240,1.76,25.0,2026-07-09,
today,today_signbsl_002,signbsl,winkball,,https://media.signbsl.com/videos/bsl/winkball/mp4/49411e9c-9579-48b2-8289-9f938415f64a.mp4,data/raw_videos/today/today_signbsl_002.mp4,448x336,8.47,30.0,2026-07-09,
today,today_signbsl_003,signbsl,signmonkey,,https://media.signbsl.com/videos/bsl/signmonkey/mp4/today.mp4,data/raw_videos/today/today_signbsl_003.mp4,640x480,2.25,20.0,2026-07-09,
today,today_signbsl_004,signbsl,gpnhs,,https://media.signbsl.com/videos/bsl/gpnhs/mp4/today.mp4,data/raw_videos/today/today_signbsl_004.mp4,480x360,3.64,29.97,2026-07-09,
today,today_signbsl_005,signbsl,signon,,https://media.signbsl.com/videos/bsl/signon/mp4/shw14.mp4,data/raw_videos/today/today_signbsl_005.mp4,320x240,2.92,25.0,2026-07-09,
morning,morning_signbsl_001,signbsl,signstation,,https://media.signbsl.com/videos/bsl/signstation/good%20morning.mp4,data/raw_videos/morning/morning_signbsl_001.mp4,320x240,1.72,25.0,2026-07-09,
morning,morning_signbsl_002,signbsl,deafway,,https://media.signbsl.com/videos/bsl/deafway/mp4/Good%20Morning.mp4,data/raw_videos/morning/morning_signbsl_002.mp4,640x360,2.48,25.0,2026-07-09,
morning,morning_signbsl_003,signbsl,exeterdeafacademyvoiceoff,,https://media.signbsl.com/videos/bsl/ExeterDeafAcademyVoiceOff/mp4/E5UH1tG3x18.mp4,data/raw_videos/morning/morning_signbsl_003.mp4,640x360,6.68,25.0,2026-07-09,
morning,morning_signbsl_004,signbsl,bslfirst,,https://media.signbsl.com/videos/bsl/bslfirst/mp4/996135548.mp4,data/raw_videos/morning/morning_signbsl_004.mp4,720x404,2.77,29.97,2026-07-09,
morning,morning_signbsl_005,signbsl,youtube,,https://media.signbsl.com/videos/bsl/youtube/mp4/XVJw6txEkeM.mp4,data/raw_videos/morning/morning_signbsl_005.mp4,640x360,5.6,30.0,2026-07-09,
morning,morning_signbsl_006,signbsl,youtube,,https://media.signbsl.com/videos/bsl/youtube/mp4/r6O5JdK_mK8.mp4,data/raw_videos/morning/morning_signbsl_006.mp4,640x360,4.67,30.0,2026-07-09,
yesterday,yesterday_signbsl_001,signbsl,signstation,,https://media.signbsl.com/videos/bsl/signstation/yesterday.mp4,data/raw_videos/yesterday/yesterday_signbsl_001.mp4,320x240,1.52,25.0,2026-07-09,
yesterday,yesterday_signbsl_002,signbsl,signstation,,https://media.signbsl.com/videos/bsl/signstation/yesterday-2.mp4,data/raw_videos/yesterday/yesterday_signbsl_002.mp4,320x240,1.68,25.0,2026-07-09,
yesterday,yesterday_signbsl_003,signbsl,winkball,,https://media.signbsl.com/videos/bsl/winkball/mp4/17ef3680-3abc-4e7c-9900-4dd5c5399c07.mp4,data/raw_videos/yesterday/yesterday_signbsl_003.mp4,448x336,7.63,30.0,2026-07-09,
yesterday,yesterday_signbsl_004,signbsl,signmonkey,,https://media.signbsl.com/videos/bsl/signmonkey/mp4/yesterday.mp4,data/raw_videos/yesterday/yesterday_signbsl_004.mp4,640x480,2.35,20.0,2026-07-09,
yesterday,yesterday_signbsl_005,signbsl,gpnhs,,https://media.signbsl.com/videos/bsl/gpnhs/mp4/yesterday.mp4,data/raw_videos/yesterday/yesterday_signbsl_005.mp4,480x360,2.97,29.97,2026-07-09,
yesterday,yesterday_signbsl_006,signbsl,youtube,,https://media.signbsl.com/videos/bsl/youtube/mp4/MIR9aCJUEPA.mp4,data/raw_videos/yesterday/yesterday_signbsl_006.mp4,640x360,6.04,29.97,2026-07-09,
week,week_signbsl_001,signbsl,signstation,,https://media.signbsl.com/videos/bsl/signstation/week.mp4,data/raw_videos/week/week_signbsl_001.mp4,320x240,1.68,25.0,2026-07-09,
week,week_signbsl_002,signbsl,signstation,,https://media.signbsl.com/videos/bsl/signstation/weeks.mp4,data/raw_videos/week/week_signbsl_002.mp4,512x374,1.64,25.0,2026-07-09,
week,week_signbsl_003,signbsl,winkball,,https://media.signbsl.com/videos/bsl/winkball/mp4/ee66d41d-1732-432c-b555-eb97e775d29a.mp4,data/raw_videos/week/week_signbsl_003.mp4,448x336,7.6,30.0,2026-07-09,
week,week_signbsl_004,signbsl,signmonkey,,https://media.signbsl.com/videos/bsl/signmonkey/mp4/week.mp4,data/raw_videos/week/week_signbsl_004.mp4,640x480,3.1,20.0,2026-07-09,
week,week_signbsl_005,signbsl,gpnhs,,https://media.signbsl.com/videos/bsl/gpnhs/mp4/week.mp4,data/raw_videos/week/week_signbsl_005.mp4,480x360,3.24,29.97,2026-07-09,
week,week_signbsl_006,signbsl,bslfirst,,https://media.signbsl.com/videos/bsl/bslfirst/mp4/996135728.mp4,data/raw_videos/week/week_signbsl_006.mp4,720x404,3.6,29.97,2026-07-09,
make,make_signmonkey_001,signmonkey,signmonkey,,https://media.signbsl.com/videos/bsl/signmonkey/mp4/have.mp4,data/raw_videos/make/make_signmonkey_001.mp4,640x480,2.65,17.00,2026-07-09,
make,make_corpusngt_001,corpusngt,corpusngt,,https://media.signbsl.com/videos/bsl/corpusngt/mp4/vlc-record-2015-04-10-11h42m29s-BSL_CN_lex_b.mpg-.mp4,data/raw_videos/make/make_corpusngt_001.mp4,352x288,3.52,25.00,2026-07-09,
make,make_gpnhs_001,gpnhs,gpnhs,,https://media.signbsl.com/videos/bsl/gpnhs/mp4/have.mp4,data/raw_videos/make/make_gpnhs_001.mp4,480x360,3.20,29.97,2026-07-09,
make,make_nf_001,nf,nf,,https://media.signbsl.com/videos/bsl/nf/mp4/Make.mp4,data/raw_videos/make/make_nf_001.mp4,384x216,2.77,30.00,2026-07-09,
make,make_youtube_001,youtube,youtube,,https://media.signbsl.com/videos/bsl/youtube/mp4/SRkw_xJCQ2M.mp4,data/raw_videos/make/make_youtube_001.mp4,640x360,3.48,25.00,2026-07-09,
make,make_signstation_001,signstation,signstation,,https://media.signbsl.com/videos/bsl/signstation/do.mp4,data/raw_videos/make/make_signstation_001.mp4,320x240,1.64,25.00,2026-07-09,
